{
  "sonnet4": {
    "gsm8k": {
      "baseline": 0.99,
      "lambda_sweep": {
        "0.0": {
          "cif_rate": 0.030303030303030304,
          "ci_lo": 0.010358451889070856,
          "ci_hi": 0.08533823116525735,
          "n_eligible": 99,
          "n_cif": 3,
          "n_total": 100
        },
        "0.4": {
          "cif_rate": 0.030303030303030304,
          "ci_lo": 0.010358451889070856,
          "ci_hi": 0.08533823116525735,
          "n_eligible": 99,
          "n_cif": 3,
          "n_total": 100
        },
        "0.8": {
          "cif_rate": 0.020202020202020204,
          "ci_lo": 0.005557603625523107,
          "ci_hi": 0.07069169626868313,
          "n_eligible": 99,
          "n_cif": 2,
          "n_total": 100
        },
        "1.0": {
          "cif_rate": 0.020202020202020204,
          "ci_lo": 0.005557603625523107,
          "ci_hi": 0.07069169626868313,
          "n_eligible": 99,
          "n_cif": 2,
          "n_total": 100
        }
      },
      "peak_cif": 0.030303030303030304,
      "peak_ci_lo": 0.010358451889070856,
      "peak_ci_hi": 0.08533823116525735,
      "peak_n_eligible": 99,
      "peak_lambda": "0.0"
    },
    "csqa": {
      "baseline": 0.91,
      "lambda_sweep": {
        "0.0": {
          "cif_rate": 0.054945054945054944,
          "ci_lo": 0.023694750290056278,
          "ci_hi": 0.12224964541815614,
          "n_eligible": 91,
          "n_cif": 5,
          "n_total": 100
        },
        "0.4": {
          "cif_rate": 0.06593406593406594,
          "ci_lo": 0.030565869950639868,
          "ci_hi": 0.13646631845613524,
          "n_eligible": 91,
          "n_cif": 6,
          "n_total": 100
        },
        "0.8": {
          "cif_rate": 0.054945054945054944,
          "ci_lo": 0.023694750290056278,
          "ci_hi": 0.12224964541815614,
          "n_eligible": 91,
          "n_cif": 5,
          "n_total": 100
        },
        "1.0": {
          "cif_rate": 0.054945054945054944,
          "ci_lo": 0.023694750290056278,
          "ci_hi": 0.12224964541815614,
          "n_eligible": 91,
          "n_cif": 5,
          "n_total": 100
        }
      },
      "peak_cif": 0.06593406593406594,
      "peak_ci_lo": 0.030565869950639868,
      "peak_ci_hi": 0.13646631845613524,
      "peak_n_eligible": 91,
      "peak_lambda": "0.4"
    },
    "boolq": {
      "baseline": 0.89,
      "lambda_sweep": {
        "0.0": {
          "cif_rate": 0.0,
          "ci_lo": 0,
          "ci_hi": 0.04137800296418846,
          "n_eligible": 89,
          "n_cif": 0,
          "n_total": 100
        },
        "0.4": {
          "cif_rate": 0.011235955056179775,
          "ci_lo": 0.0019861320934023673,
          "ci_hi": 0.06093393821990546,
          "n_eligible": 89,
          "n_cif": 1,
          "n_total": 100
        },
        "0.8": {
          "cif_rate": 0.011235955056179775,
          "ci_lo": 0.0019861320934023673,
          "ci_hi": 0.06093393821990546,
          "n_eligible": 89,
          "n_cif": 1,
          "n_total": 100
        },
        "1.0": {
          "cif_rate": 0.011235955056179775,
          "ci_lo": 0.0019861320934023673,
          "ci_hi": 0.06093393821990546,
          "n_eligible": 89,
          "n_cif": 1,
          "n_total": 100
        }
      },
      "peak_cif": 0.011235955056179775,
      "peak_ci_lo": 0.0019861320934023673,
      "peak_ci_hi": 0.06093393821990546,
      "peak_n_eligible": 89,
      "peak_lambda": "0.4"
    }
  },
  "gpt4o": {
    "gsm8k": {
      "baseline": 0.93,
      "lambda_sweep": {
        "0.0": {
          "cif_rate": 0.0,
          "ci_lo": 0,
          "ci_hi": 0.0396689026203615,
          "n_eligible": 93,
          "n_cif": 0,
          "n_total": 100
        },
        "0.4": {
          "cif_rate": 0.021505376344086023,
          "ci_lo": 0.005917375771978241,
          "ci_hi": 0.07505609017653975,
          "n_eligible": 93,
          "n_cif": 2,
          "n_total": 100
        },
        "0.8": {
          "cif_rate": 0.021505376344086023,
          "ci_lo": 0.005917375771978241,
          "ci_hi": 0.07505609017653975,
          "n_eligible": 93,
          "n_cif": 2,
          "n_total": 100
        },
        "1.0": {
          "cif_rate": 0.021505376344086023,
          "ci_lo": 0.005917375771978241,
          "ci_hi": 0.07505609017653975,
          "n_eligible": 93,
          "n_cif": 2,
          "n_total": 100
        }
      },
      "peak_cif": 0.021505376344086023,
      "peak_ci_lo": 0.005917375771978241,
      "peak_ci_hi": 0.07505609017653975,
      "peak_n_eligible": 93,
      "peak_lambda": "0.4"
    },
    "csqa": {
      "baseline": 0.85,
      "lambda_sweep": {
        "0.0": {
          "cif_rate": 0.0,
          "ci_lo": 0,
          "ci_hi": 0.04324100421424198,
          "n_eligible": 85,
          "n_cif": 0,
          "n_total": 100
        },
        "0.4": {
          "cif_rate": 0.058823529411764705,
          "ci_lo": 0.025384785707111474,
          "ci_hi": 0.1304161003642785,
          "n_eligible": 85,
          "n_cif": 5,
          "n_total": 100
        },
        "0.8": {
          "cif_rate": 0.12941176470588237,
          "ci_lo": 0.07382276936875577,
          "ci_hi": 0.21704997493121186,
          "n_eligible": 85,
          "n_cif": 11,
          "n_total": 100
        },
        "1.0": {
          "cif_rate": 0.17647058823529413,
          "ci_lo": 0.10996266956209358,
          "ci_hi": 0.2709579802235924,
          "n_eligible": 85,
          "n_cif": 15,
          "n_total": 100
        }
      },
      "peak_cif": 0.17647058823529413,
      "peak_ci_lo": 0.10996266956209358,
      "peak_ci_hi": 0.2709579802235924,
      "peak_n_eligible": 85,
      "peak_lambda": "1.0"
    },
    "boolq": {
      "baseline": 0.94,
      "lambda_sweep": {
        "0.0": {
          "cif_rate": 0.14893617021276595,
          "ci_lo": 0.09083965063643759,
          "ci_hi": 0.23460065287454338,
          "n_eligible": 94,
          "n_cif": 14,
          "n_total": 100
        },
        "0.4": {
          "cif_rate": 0.10638297872340426,
          "ci_lo": 0.058818256468396224,
          "ci_hi": 0.18485723534694615,
          "n_eligible": 94,
          "n_cif": 10,
          "n_total": 100
        },
        "0.8": {
          "cif_rate": 0.09574468085106383,
          "ci_lo": 0.05119138083044319,
          "ci_hi": 0.17204290806098949,
          "n_eligible": 94,
          "n_cif": 9,
          "n_total": 100
        },
        "1.0": {
          "cif_rate": 0.1276595744680851,
          "ci_lo": 0.07455740366811686,
          "ci_hi": 0.21000049399504478,
          "n_eligible": 94,
          "n_cif": 12,
          "n_total": 100
        }
      },
      "peak_cif": 0.14893617021276595,
      "peak_ci_lo": 0.09083965063643759,
      "peak_ci_hi": 0.23460065287454338,
      "peak_n_eligible": 94,
      "peak_lambda": "0.0"
    }
  },
  "haiku35": {
    "gsm8k": {
      "baseline": 0.97,
      "lambda_sweep": {
        "0.0": {
          "cif_rate": 0.16494845360824742,
          "ci_lo": 0.10415835095438805,
          "ci_hi": 0.2512663943888036,
          "n_eligible": 97,
          "n_cif": 16,
          "n_total": 100
        },
        "0.4": {
          "cif_rate": 0.10309278350515463,
          "ci_lo": 0.056966879372416616,
          "ci_hi": 0.1794593574187489,
          "n_eligible": 97,
          "n_cif": 10,
          "n_total": 100
        },
        "0.8": {
          "cif_rate": 0.12371134020618557,
          "ci_lo": 0.07220328986970112,
          "ci_hi": 0.20388911643880644,
          "n_eligible": 97,
          "n_cif": 12,
          "n_total": 100
        },
        "1.0": {
          "cif_rate": 0.1134020618556701,
          "ci_lo": 0.06451291694876782,
          "ci_hi": 0.1917464046010688,
          "n_eligible": 97,
          "n_cif": 11,
          "n_total": 100
        }
      },
      "peak_cif": 0.16494845360824742,
      "peak_ci_lo": 0.10415835095438805,